-- Generated by scripts/export_sqlite_data_for_mysql.php
-- Source SQLite: C:\Users\HP\mes project dev\cmci aapk\backend\database\cmci.sqlite
-- Generated at: 2026-02-21T15:50:00+00:00
SET NAMES utf8mb4;
SET FOREIGN_KEY_CHECKS=0;
SET SQL_MODE='NO_AUTO_VALUE_ON_ZERO';

-- Clean bootstrap for cloud imports
DROP TABLE IF EXISTS `users`;
DROP TABLE IF EXISTS `admins`;
DROP TABLE IF EXISTS `assemblies`;

-- MySQL schema bootstrap
CREATE TABLE IF NOT EXISTS `assemblies` (
  `id` VARCHAR(64) NOT NULL,
  `name` VARCHAR(191) NOT NULL,
  `status` VARCHAR(20) NOT NULL DEFAULT 'pending',
  `created_by_admin_id` VARCHAR(64) NULL,
  `approved_by_admin_id` VARCHAR(64) NULL,
  `created_at` VARCHAR(40) NOT NULL,
  `approved_at` VARCHAR(40) NULL,
  PRIMARY KEY (`id`),
  UNIQUE KEY `uniq_assemblies_name` (`name`)
) ENGINE=InnoDB DEFAULT CHARSET=utf8mb4;

CREATE TABLE IF NOT EXISTS `admins` (
  `id` VARCHAR(64) NOT NULL,
  `first_name` VARCHAR(120) NOT NULL,
  `last_name` VARCHAR(120) NOT NULL,
  `password_hash` VARCHAR(255) NOT NULL,
  `assembly_id` VARCHAR(64) NOT NULL,
  `status` VARCHAR(20) NOT NULL DEFAULT 'pending',
  `role` VARCHAR(20) NOT NULL DEFAULT 'admin',
  `created_at` VARCHAR(40) NOT NULL,
  `approved_at` VARCHAR(40) NULL,
  `approved_by_admin_id` VARCHAR(64) NULL,
  PRIMARY KEY (`id`),
  KEY `idx_admins_status` (`status`),
  KEY `idx_admins_role` (`role`),
  CONSTRAINT `fk_admins_assembly` FOREIGN KEY (`assembly_id`) REFERENCES `assemblies` (`id`)
) ENGINE=InnoDB DEFAULT CHARSET=utf8mb4;

CREATE TABLE IF NOT EXISTS `users` (
  `id` VARCHAR(64) NOT NULL,
  `first_name` VARCHAR(120) NOT NULL,
  `last_name` VARCHAR(120) NOT NULL,
  `phone` VARCHAR(40) NOT NULL,
  `password_hash` VARCHAR(255) NOT NULL,
  `country` VARCHAR(120) NOT NULL,
  `department` VARCHAR(120) NOT NULL,
  `assembly_id` VARCHAR(64) NOT NULL,
  `status` VARCHAR(20) NOT NULL DEFAULT 'pending',
  `created_at` VARCHAR(40) NOT NULL,
  `approved_at` VARCHAR(40) NULL,
  `approved_by_admin_id` VARCHAR(64) NULL,
  PRIMARY KEY (`id`),
  UNIQUE KEY `uniq_users_phone` (`phone`),
  KEY `idx_users_status` (`status`),
  KEY `idx_users_assembly` (`assembly_id`),
  CONSTRAINT `fk_users_assembly` FOREIGN KEY (`assembly_id`) REFERENCES `assemblies` (`id`)
) ENGINE=InnoDB DEFAULT CHARSET=utf8mb4;

-- assemblies
INSERT INTO `assemblies` (`id`, `name`, `status`, `created_by_admin_id`, `approved_by_admin_id`, `created_at`, `approved_at`) VALUES ('assembly_ea543745028c61d5', 'CMCI GLOBAL', 'approved', NULL, NULL, '2026-02-19T12:08:38+00:00', '2026-02-19T12:08:38+00:00') ON DUPLICATE KEY UPDATE `id`=VALUES(`id`), `name`=VALUES(`name`), `status`=VALUES(`status`), `created_by_admin_id`=VALUES(`created_by_admin_id`), `approved_by_admin_id`=VALUES(`approved_by_admin_id`), `created_at`=VALUES(`created_at`), `approved_at`=VALUES(`approved_at`);
INSERT INTO `assemblies` (`id`, `name`, `status`, `created_by_admin_id`, `approved_by_admin_id`, `created_at`, `approved_at`) VALUES ('assembly_8480a2b08132096a', 'CMCI Test Comm', 'approved', NULL, NULL, '2026-02-19T13:10:18+00:00', '2026-02-19T13:29:07+00:00') ON DUPLICATE KEY UPDATE `id`=VALUES(`id`), `name`=VALUES(`name`), `status`=VALUES(`status`), `created_by_admin_id`=VALUES(`created_by_admin_id`), `approved_by_admin_id`=VALUES(`approved_by_admin_id`), `created_at`=VALUES(`created_at`), `approved_at`=VALUES(`approved_at`);
INSERT INTO `assemblies` (`id`, `name`, `status`, `created_by_admin_id`, `approved_by_admin_id`, `created_at`, `approved_at`) VALUES ('assembly_7b49a4ef12472fec', 'cmci agla', 'approved', NULL, NULL, '2026-02-19T13:13:36+00:00', '2026-02-19T13:45:45+00:00') ON DUPLICATE KEY UPDATE `id`=VALUES(`id`), `name`=VALUES(`name`), `status`=VALUES(`status`), `created_by_admin_id`=VALUES(`created_by_admin_id`), `approved_by_admin_id`=VALUES(`approved_by_admin_id`), `created_at`=VALUES(`created_at`), `approved_at`=VALUES(`approved_at`);
INSERT INTO `assemblies` (`id`, `name`, `status`, `created_by_admin_id`, `approved_by_admin_id`, `created_at`, `approved_at`) VALUES ('assembly_4ea43edd26b3d284', 'cmci zogbo', 'approved', NULL, NULL, '2026-02-19T14:41:46+00:00', '2026-02-19T14:53:28+00:00') ON DUPLICATE KEY UPDATE `id`=VALUES(`id`), `name`=VALUES(`name`), `status`=VALUES(`status`), `created_by_admin_id`=VALUES(`created_by_admin_id`), `approved_by_admin_id`=VALUES(`approved_by_admin_id`), `created_at`=VALUES(`created_at`), `approved_at`=VALUES(`approved_at`);
INSERT INTO `assemblies` (`id`, `name`, `status`, `created_by_admin_id`, `approved_by_admin_id`, `created_at`, `approved_at`) VALUES ('assembly_0c073dec916b1370', 'cmci savalou', 'approved', NULL, 'admin_fca6d723718f2bfa', '2026-02-19T15:07:51+00:00', '2026-02-19T15:09:21+00:00') ON DUPLICATE KEY UPDATE `id`=VALUES(`id`), `name`=VALUES(`name`), `status`=VALUES(`status`), `created_by_admin_id`=VALUES(`created_by_admin_id`), `approved_by_admin_id`=VALUES(`approved_by_admin_id`), `created_at`=VALUES(`created_at`), `approved_at`=VALUES(`approved_at`);
INSERT INTO `assemblies` (`id`, `name`, `status`, `created_by_admin_id`, `approved_by_admin_id`, `created_at`, `approved_at`) VALUES ('assembly_f6f6aa0bd905cb9b', 'cmci d', 'approved', NULL, 'admin_fca6d723718f2bfa', '2026-02-19T15:13:23+00:00', '2026-02-19T15:14:00+00:00') ON DUPLICATE KEY UPDATE `id`=VALUES(`id`), `name`=VALUES(`name`), `status`=VALUES(`status`), `created_by_admin_id`=VALUES(`created_by_admin_id`), `approved_by_admin_id`=VALUES(`approved_by_admin_id`), `created_at`=VALUES(`created_at`), `approved_at`=VALUES(`approved_at`);
INSERT INTO `assemblies` (`id`, `name`, `status`, `created_by_admin_id`, `approved_by_admin_id`, `created_at`, `approved_at`) VALUES ('assembly_6682684c52f320be', 'cmci test auto', 'pending', NULL, NULL, '2026-02-20T16:26:07+00:00', NULL) ON DUPLICATE KEY UPDATE `id`=VALUES(`id`), `name`=VALUES(`name`), `status`=VALUES(`status`), `created_by_admin_id`=VALUES(`created_by_admin_id`), `approved_by_admin_id`=VALUES(`approved_by_admin_id`), `created_at`=VALUES(`created_at`), `approved_at`=VALUES(`approved_at`);
INSERT INTO `assemblies` (`id`, `name`, `status`, `created_by_admin_id`, `approved_by_admin_id`, `created_at`, `approved_at`) VALUES ('assembly_9dcc38be2aa8c22c', 'cmci g', 'approved', NULL, 'admin_fca6d723718f2bfa', '2026-02-20T19:02:27+00:00', '2026-02-20T19:03:19+00:00') ON DUPLICATE KEY UPDATE `id`=VALUES(`id`), `name`=VALUES(`name`), `status`=VALUES(`status`), `created_by_admin_id`=VALUES(`created_by_admin_id`), `approved_by_admin_id`=VALUES(`approved_by_admin_id`), `created_at`=VALUES(`created_at`), `approved_at`=VALUES(`approved_at`);

-- admins
INSERT INTO `admins` (`id`, `first_name`, `last_name`, `password_hash`, `assembly_id`, `status`, `role`, `created_at`, `approved_at`, `approved_by_admin_id`) VALUES ('admin_5fa4514b18a49148', 'Super', 'Admin', '$2y$12$DBvY7yVZ.HdaEEa3lqEAM.mb2mG791Jn3LBK23AbFjQc/dldonYfm', 'assembly_ea543745028c61d5', 'approved', 'super_admin', '2026-02-19T12:08:38+00:00', '2026-02-19T12:08:38+00:00', NULL) ON DUPLICATE KEY UPDATE `id`=VALUES(`id`), `first_name`=VALUES(`first_name`), `last_name`=VALUES(`last_name`), `password_hash`=VALUES(`password_hash`), `assembly_id`=VALUES(`assembly_id`), `status`=VALUES(`status`), `role`=VALUES(`role`), `created_at`=VALUES(`created_at`), `approved_at`=VALUES(`approved_at`), `approved_by_admin_id`=VALUES(`approved_by_admin_id`);
INSERT INTO `admins` (`id`, `first_name`, `last_name`, `password_hash`, `assembly_id`, `status`, `role`, `created_at`, `approved_at`, `approved_by_admin_id`) VALUES ('admin_ee436642449473de', 'Test', 'Admin', '$2y$12$Z/8SRo1fqharPeVzfrsXGeeOS8CGi/N8VpHeFdd6QltgAqI4bjoIO', 'assembly_8480a2b08132096a', 'approved', 'super_admin', '2026-02-19T13:10:18+00:00', '2026-02-19T13:29:07+00:00', NULL) ON DUPLICATE KEY UPDATE `id`=VALUES(`id`), `first_name`=VALUES(`first_name`), `last_name`=VALUES(`last_name`), `password_hash`=VALUES(`password_hash`), `assembly_id`=VALUES(`assembly_id`), `status`=VALUES(`status`), `role`=VALUES(`role`), `created_at`=VALUES(`created_at`), `approved_at`=VALUES(`approved_at`), `approved_by_admin_id`=VALUES(`approved_by_admin_id`);
INSERT INTO `admins` (`id`, `first_name`, `last_name`, `password_hash`, `assembly_id`, `status`, `role`, `created_at`, `approved_at`, `approved_by_admin_id`) VALUES ('admin_7f831870e521a9de', 'nougbo@gmail.com', 'Nougbologni', '$2y$12$g0Z8axepSAJUYgCAC41KrONrP9X1XmCwGfeTd/vsqGD3J344ziFCm', 'assembly_7b49a4ef12472fec', 'approved', 'super_admin', '2026-02-19T13:13:37+00:00', '2026-02-19T13:45:45+00:00', NULL) ON DUPLICATE KEY UPDATE `id`=VALUES(`id`), `first_name`=VALUES(`first_name`), `last_name`=VALUES(`last_name`), `password_hash`=VALUES(`password_hash`), `assembly_id`=VALUES(`assembly_id`), `status`=VALUES(`status`), `role`=VALUES(`role`), `created_at`=VALUES(`created_at`), `approved_at`=VALUES(`approved_at`), `approved_by_admin_id`=VALUES(`approved_by_admin_id`);
INSERT INTO `admins` (`id`, `first_name`, `last_name`, `password_hash`, `assembly_id`, `status`, `role`, `created_at`, `approved_at`, `approved_by_admin_id`) VALUES ('admin_fca6d723718f2bfa', 'epa', 'net', '$2y$12$KN.5x4RwMG1pjFY9RfY98uEcZyezA4WrYhZzdkw3e1yudELL4N2aa', 'assembly_4ea43edd26b3d284', 'approved', 'super_admin', '2026-02-19T14:41:46+00:00', '2026-02-19T14:53:28+00:00', NULL) ON DUPLICATE KEY UPDATE `id`=VALUES(`id`), `first_name`=VALUES(`first_name`), `last_name`=VALUES(`last_name`), `password_hash`=VALUES(`password_hash`), `assembly_id`=VALUES(`assembly_id`), `status`=VALUES(`status`), `role`=VALUES(`role`), `created_at`=VALUES(`created_at`), `approved_at`=VALUES(`approved_at`), `approved_by_admin_id`=VALUES(`approved_by_admin_id`);
INSERT INTO `admins` (`id`, `first_name`, `last_name`, `password_hash`, `assembly_id`, `status`, `role`, `created_at`, `approved_at`, `approved_by_admin_id`) VALUES ('admin_951f19f9081e3bac', 't', 't', '$2y$12$qRvfprCiXa1Z2omYVUT./.1YzI3iVMCWQLYUMgWv91lDHUzkyZLLW', 'assembly_0c073dec916b1370', 'approved', 'admin', '2026-02-19T15:07:51+00:00', '2026-02-19T15:09:21+00:00', 'admin_fca6d723718f2bfa') ON DUPLICATE KEY UPDATE `id`=VALUES(`id`), `first_name`=VALUES(`first_name`), `last_name`=VALUES(`last_name`), `password_hash`=VALUES(`password_hash`), `assembly_id`=VALUES(`assembly_id`), `status`=VALUES(`status`), `role`=VALUES(`role`), `created_at`=VALUES(`created_at`), `approved_at`=VALUES(`approved_at`), `approved_by_admin_id`=VALUES(`approved_by_admin_id`);
INSERT INTO `admins` (`id`, `first_name`, `last_name`, `password_hash`, `assembly_id`, `status`, `role`, `created_at`, `approved_at`, `approved_by_admin_id`) VALUES ('admin_12dbc999308d87db', 'TY', 'ty', '$2y$12$cxQ99D2bEzqwrmkOzWP/YuGEvqD7kCw9X4t4oEzFVBhfoShceHCMu', 'assembly_f6f6aa0bd905cb9b', 'approved', 'admin', '2026-02-19T15:13:23+00:00', '2026-02-19T15:14:00+00:00', 'admin_fca6d723718f2bfa') ON DUPLICATE KEY UPDATE `id`=VALUES(`id`), `first_name`=VALUES(`first_name`), `last_name`=VALUES(`last_name`), `password_hash`=VALUES(`password_hash`), `assembly_id`=VALUES(`assembly_id`), `status`=VALUES(`status`), `role`=VALUES(`role`), `created_at`=VALUES(`created_at`), `approved_at`=VALUES(`approved_at`), `approved_by_admin_id`=VALUES(`approved_by_admin_id`);
INSERT INTO `admins` (`id`, `first_name`, `last_name`, `password_hash`, `assembly_id`, `status`, `role`, `created_at`, `approved_at`, `approved_by_admin_id`) VALUES ('admin_19e4fea86739c9a1', 'Test', 'Agent', '$2y$12$iga1KoHVWrhLbzcd3gtrJuzDqRPI.MHBmiN.DxVOFBWwq4nHGmuLi', 'assembly_6682684c52f320be', 'pending', 'admin', '2026-02-20T16:26:07+00:00', NULL, NULL) ON DUPLICATE KEY UPDATE `id`=VALUES(`id`), `first_name`=VALUES(`first_name`), `last_name`=VALUES(`last_name`), `password_hash`=VALUES(`password_hash`), `assembly_id`=VALUES(`assembly_id`), `status`=VALUES(`status`), `role`=VALUES(`role`), `created_at`=VALUES(`created_at`), `approved_at`=VALUES(`approved_at`), `approved_by_admin_id`=VALUES(`approved_by_admin_id`);
INSERT INTO `admins` (`id`, `first_name`, `last_name`, `password_hash`, `assembly_id`, `status`, `role`, `created_at`, `approved_at`, `approved_by_admin_id`) VALUES ('admin_20d65626994b55d5', 'VLAVO', 'Robert', '$2y$12$6pzP5cHFm7Lic/C3BkRHauq6q42i4HrsW6oGAEm7Yv/ygc9cEj5cm', 'assembly_9dcc38be2aa8c22c', 'approved', 'admin', '2026-02-20T19:02:28+00:00', '2026-02-20T19:03:19+00:00', 'admin_fca6d723718f2bfa') ON DUPLICATE KEY UPDATE `id`=VALUES(`id`), `first_name`=VALUES(`first_name`), `last_name`=VALUES(`last_name`), `password_hash`=VALUES(`password_hash`), `assembly_id`=VALUES(`assembly_id`), `status`=VALUES(`status`), `role`=VALUES(`role`), `created_at`=VALUES(`created_at`), `approved_at`=VALUES(`approved_at`), `approved_by_admin_id`=VALUES(`approved_by_admin_id`);

-- users
INSERT INTO `users` (`id`, `first_name`, `last_name`, `phone`, `password_hash`, `country`, `department`, `assembly_id`, `status`, `created_at`, `approved_at`, `approved_by_admin_id`) VALUES ('user_8de064cf3e40f9d0', 'epa', 'net', '12345678', '$2y$12$l/eR2BkJYTDSEURYURr4P.dOMLCFV9S0wyefMauIoxvVRjBzp2Jwi', 'benin', 'atlantique', 'assembly_7b49a4ef12472fec', 'approved', '2026-02-19T13:48:43+00:00', '2026-02-19T13:49:29+00:00', 'admin_7f831870e521a9de') ON DUPLICATE KEY UPDATE `id`=VALUES(`id`), `first_name`=VALUES(`first_name`), `last_name`=VALUES(`last_name`), `phone`=VALUES(`phone`), `password_hash`=VALUES(`password_hash`), `country`=VALUES(`country`), `department`=VALUES(`department`), `assembly_id`=VALUES(`assembly_id`), `status`=VALUES(`status`), `created_at`=VALUES(`created_at`), `approved_at`=VALUES(`approved_at`), `approved_by_admin_id`=VALUES(`approved_by_admin_id`);
INSERT INTO `users` (`id`, `first_name`, `last_name`, `phone`, `password_hash`, `country`, `department`, `assembly_id`, `status`, `created_at`, `approved_at`, `approved_by_admin_id`) VALUES ('user_e95909251706af3f', 'RIVE', 'PAUL', '12345679', '$2y$12$zWL.DIntID1AYhLpBdXEIOxIDsGqcQS7i7VoLEe4Ft5uYWuLkc6xK', 'BENIN', 'COLLINE', 'assembly_7b49a4ef12472fec', 'approved', '2026-02-19T14:55:48+00:00', '2026-02-19T14:56:31+00:00', 'admin_fca6d723718f2bfa') ON DUPLICATE KEY UPDATE `id`=VALUES(`id`), `first_name`=VALUES(`first_name`), `last_name`=VALUES(`last_name`), `phone`=VALUES(`phone`), `password_hash`=VALUES(`password_hash`), `country`=VALUES(`country`), `department`=VALUES(`department`), `assembly_id`=VALUES(`assembly_id`), `status`=VALUES(`status`), `created_at`=VALUES(`created_at`), `approved_at`=VALUES(`approved_at`), `approved_by_admin_id`=VALUES(`approved_by_admin_id`);
INSERT INTO `users` (`id`, `first_name`, `last_name`, `phone`, `password_hash`, `country`, `department`, `assembly_id`, `status`, `created_at`, `approved_at`, `approved_by_admin_id`) VALUES ('user_e3ad600f6ce8b167', 'Epaphrodite Tamegnon', 'NOUGBOLOGNI', '57004309', '$2y$12$tmYYwMjgehC2UeifYEIKy.TNqKfzs6gV/BCWSJg9.57ubur3DraV6', 'BENIN', 'Atlantique', 'assembly_f6f6aa0bd905cb9b', 'approved', '2026-02-20T13:53:29+00:00', '2026-02-20T13:55:04+00:00', 'admin_12dbc999308d87db') ON DUPLICATE KEY UPDATE `id`=VALUES(`id`), `first_name`=VALUES(`first_name`), `last_name`=VALUES(`last_name`), `phone`=VALUES(`phone`), `password_hash`=VALUES(`password_hash`), `country`=VALUES(`country`), `department`=VALUES(`department`), `assembly_id`=VALUES(`assembly_id`), `status`=VALUES(`status`), `created_at`=VALUES(`created_at`), `approved_at`=VALUES(`approved_at`), `approved_by_admin_id`=VALUES(`approved_by_admin_id`);
INSERT INTO `users` (`id`, `first_name`, `last_name`, `phone`, `password_hash`, `country`, `department`, `assembly_id`, `status`, `created_at`, `approved_at`, `approved_by_admin_id`) VALUES ('user_806cc802e5e99dea', 'Epaphrodite', 'NOUGBOLOGNI', '57004300', '$2y$12$UtxCX3vJ1RWKDoaOykVBbuUYqJ5oDXzRP06RVU.vgWaDQFvG7UsTO', 'Etats Unies', 'Atlantique', 'assembly_f6f6aa0bd905cb9b', 'approved', '2026-02-20T13:56:44+00:00', '2026-02-20T13:57:55+00:00', 'admin_12dbc999308d87db') ON DUPLICATE KEY UPDATE `id`=VALUES(`id`), `first_name`=VALUES(`first_name`), `last_name`=VALUES(`last_name`), `phone`=VALUES(`phone`), `password_hash`=VALUES(`password_hash`), `country`=VALUES(`country`), `department`=VALUES(`department`), `assembly_id`=VALUES(`assembly_id`), `status`=VALUES(`status`), `created_at`=VALUES(`created_at`), `approved_at`=VALUES(`approved_at`), `approved_by_admin_id`=VALUES(`approved_by_admin_id`);
INSERT INTO `users` (`id`, `first_name`, `last_name`, `phone`, `password_hash`, `country`, `department`, `assembly_id`, `status`, `created_at`, `approved_at`, `approved_by_admin_id`) VALUES ('user_1d8132d6150be086', 'Epaphrodite', 'FRERE', '57004306', '$2y$12$/aXBrF7ArZ./HBvBUF/o6uCFcZSd9kHT5/DjUrnhB3tSQ4hfxHTMW', 'Non defini', 'Non defini', 'assembly_f6f6aa0bd905cb9b', 'approved', '2026-02-20T15:58:11+00:00', '2026-02-20T16:02:18+00:00', 'admin_12dbc999308d87db') ON DUPLICATE KEY UPDATE `id`=VALUES(`id`), `first_name`=VALUES(`first_name`), `last_name`=VALUES(`last_name`), `phone`=VALUES(`phone`), `password_hash`=VALUES(`password_hash`), `country`=VALUES(`country`), `department`=VALUES(`department`), `assembly_id`=VALUES(`assembly_id`), `status`=VALUES(`status`), `created_at`=VALUES(`created_at`), `approved_at`=VALUES(`approved_at`), `approved_by_admin_id`=VALUES(`approved_by_admin_id`);
INSERT INTO `users` (`id`, `first_name`, `last_name`, `phone`, `password_hash`, `country`, `department`, `assembly_id`, `status`, `created_at`, `approved_at`, `approved_by_admin_id`) VALUES ('user_0e687278b9442c0c', 'Demo', 'User', '22999001122', '$2y$12$GZQFgC8GPX4zLu6wB8oxK.M9tTM4CIGS9Iwwb8j9aYX6WmNXLiwUm', 'Non defini', 'Non defini', 'assembly_8480a2b08132096a', 'pending', '2026-02-20T16:26:08+00:00', NULL, NULL) ON DUPLICATE KEY UPDATE `id`=VALUES(`id`), `first_name`=VALUES(`first_name`), `last_name`=VALUES(`last_name`), `phone`=VALUES(`phone`), `password_hash`=VALUES(`password_hash`), `country`=VALUES(`country`), `department`=VALUES(`department`), `assembly_id`=VALUES(`assembly_id`), `status`=VALUES(`status`), `created_at`=VALUES(`created_at`), `approved_at`=VALUES(`approved_at`), `approved_by_admin_id`=VALUES(`approved_by_admin_id`);
INSERT INTO `users` (`id`, `first_name`, `last_name`, `phone`, `password_hash`, `country`, `department`, `assembly_id`, `status`, `created_at`, `approved_at`, `approved_by_admin_id`) VALUES ('user_7758f329fefc3c71', 'Disciple', 'VL', '57004301', '$2y$12$tjQ2DYA9UNKoZPhy1VwefeqtBNBkvKZSVwLS2Nh8v8ek1V8inJwk2', 'Non defini', 'Non defini', 'assembly_9dcc38be2aa8c22c', 'approved', '2026-02-20T19:04:38+00:00', '2026-02-20T19:05:21+00:00', 'admin_20d65626994b55d5') ON DUPLICATE KEY UPDATE `id`=VALUES(`id`), `first_name`=VALUES(`first_name`), `last_name`=VALUES(`last_name`), `phone`=VALUES(`phone`), `password_hash`=VALUES(`password_hash`), `country`=VALUES(`country`), `department`=VALUES(`department`), `assembly_id`=VALUES(`assembly_id`), `status`=VALUES(`status`), `created_at`=VALUES(`created_at`), `approved_at`=VALUES(`approved_at`), `approved_by_admin_id`=VALUES(`approved_by_admin_id`);

SET FOREIGN_KEY_CHECKS=1;
